<?xml version="1.0" encoding="UTF-8"?>
<!DOCTYPE configuration
        PUBLIC "-//mybatis.org//DTD Config 3.0//EN"
        "http://mybatis.org/dtd/mybatis-3-config.dtd">
<configuration>
    <properties resource="mysql.properties"></properties>

    <!-- 配置mybatis运行环境 -->
    <environments default="development">
        <environment id="development">
            <!-- type="JDBC" 代表使用JDBC的提交和回滚来管理事务 -->
            <transactionManager type="JDBC"/>

            <!-- mybatis提供了3种数据源类型，分别是：POOLED,UNPOOLED,JNDI -->
            <!-- POOLED 表示支持JDBC数据源连接池 -->
            <!-- UNPOOLED 表示不支持数据源连接池 -->
            <!-- JNDI 表示支持外部数据源连接池 -->
            <dataSource type="config.DruidDataSourceFactory">
                <property name="driverClass" value="${jdbc.driver}"/>
                <property name="jdbcUrl" value="${jdbc.databaseurl}"/>
                <property name="username" value="${jdbc.username}"/>
                <property name="password" value="${jdbc.password}"/>
            </dataSource>
        </environment>
    </environments>
    <mappers>
        <mapper resource="mapper/WriteMapper.xml"/>
    </mappers>

</configuration>